filename,width,height,class,xmin,ymin,xmax,ymax
127.jpg,290,174,garbage,84,80,149,153
127.jpg,290,174,garbage,154,93,205,152
127.jpg,290,174,garbage,211,98,270,153
127.jpg,290,174,garbage,21,109,83,152
128.jpg,275,183,garbage,107,114,154,167
128.jpg,275,183,garbage,207,138,224,183
128.jpg,275,183,garbage,158,58,212,99
128.jpg,275,183,garbage,213,85,248,126
129.jpg,275,183,garbage,46,79,146,157
129.jpg,275,183,garbage,1,143,41,183
129.jpg,275,183,garbage,148,78,171,110
129.jpg,275,183,garbage,93,67,141,79
130.jpg,300,168,garbage,68,108,300,167
130.jpg,300,168,garbage,3,142,68,168
130.jpg,300,168,garbage,187,96,293,108
131.jpg,262,192,garbage,208,49,259,174
131.jpg,262,192,garbage,88,82,206,174
131.jpg,262,192,garbage,38,102,87,133
131.jpg,262,192,garbage,53,139,86,163
131.jpg,262,192,garbage,44,63,206,80
131.jpg,262,192,garbage,130,45,175,62
132.jpg,275,183,garbage,27,31,154,183
132.jpg,275,183,garbage,162,52,244,181
132.jpg,275,183,garbage,246,84,275,153
134.jpg,259,194,garbage,81,66,207,173
134.jpg,259,194,garbage,23,101,80,160
135.jpg,277,182,garbage,11,97,201,182
135.jpg,277,182,garbage,204,117,270,182
136.jpg,275,183,garbage,59,97,230,139
136.jpg,275,183,garbage,102,29,187,52
136.jpg,275,183,garbage,197,54,249,98
136.jpg,275,183,garbage,61,69,98,95
137.jpg,297,170,garbage,67,81,133,153
137.jpg,297,170,garbage,135,110,166,147
137.jpg,297,170,garbage,9,109,65,153
138.jpg,184,274,garbage,4,145,184,250
138.jpg,184,274,garbage,3,114,58,142
138.jpg,184,274,garbage,116,83,157,97
139.jpg,299,168,garbage,83,67,181,126
139.jpg,299,168,garbage,35,92,82,147
139.jpg,299,168,garbage,183,75,210,114
140.jpg,300,168,garbage,125,70,286,168
140.jpg,300,168,garbage,90,139,125,168
141.jpg,273,184,garbage,29,101,128,184
141.jpg,273,184,garbage,144,123,190,184
141.jpg,273,184,garbage,98,50,147,89
141.jpg,273,184,garbage,75,51,97,100
141.jpg,273,184,garbage,1,115,29,184
141.jpg,273,184,garbage,95,22,124,45
142.jpg,275,183,garbage,2,2,273,182
143.jpg,284,178,garbage,1,96,101,178
143.jpg,284,178,garbage,104,113,195,178
143.jpg,284,178,garbage,215,105,284,177
143.jpg,284,178,garbage,218,2,284,55
144.jpg,263,192,garbage,2,74,117,152
144.jpg,263,192,garbage,105,51,147,83
144.jpg,263,192,garbage,149,36,177,68
145.jpg,275,183,garbage,1,57,55,161
145.jpg,275,183,garbage,84,73,132,167
145.jpg,275,183,garbage,56,105,83,168
145.jpg,275,183,garbage,204,56,275,158
145.jpg,275,183,garbage,134,126,204,160
146.jpg,259,194,garbage,92,44,172,168
146.jpg,259,194,garbage,48,75,212,157
147.jpg,275,183,garbage,103,72,167,107
147.jpg,275,183,garbage,138,94,217,137
147.jpg,275,183,garbage,206,109,260,150
147.jpg,275,183,garbage,62,122,137,182
148.jpg,275,183,garbage,90,53,175,150
148.jpg,275,183,garbage,52,79,192,126
148.jpg,275,183,garbage,161,73,243,116
148.jpg,275,183,garbage,121,139,177,183
148.jpg,275,183,garbage,91,48,172,134
149.jpg,300,168,garbage,121,35,204,168
149.jpg,300,168,garbage,205,66,300,132
149.jpg,300,168,garbage,56,61,246,168
150.jpg,259,194,garbage,139,72,225,142
150.jpg,259,194,garbage,123,95,217,150
150.jpg,259,194,garbage,28,170,118,194
150.jpg,259,194,garbage,83,129,133,179
150.jpg,259,194,garbage,169,56,215,92
2347657_orig.jpg,1067,800,garbage,206,213,833,770
2347657_orig.jpg,1067,800,garbage,28,228,1014,574
2347657_orig.jpg,1067,800,garbage,372,137,833,257
2347657_orig.jpg,1067,800,garbage,226,133,742,776
84245900100792640360no.jpg,640,360,garbage,3,3,639,360
basket.jpg,209,208,garbage,1,15,209,203
beg.jpeg,73,73,garbage,1,1,72,72
beg3.jpeg,95,95,garbage,2,2,94,95
beg4.jpeg,117,117,garbage,2,1,116,117
bottel.jpg,141,141,garbage,2,1,141,140
bottel12.jpeg,176,176,garbage,1,1,176,174
box.jpeg,65,65,garbage,2,3,63,65
box2.jpeg,68,68,garbage,1,1,67,68
bundle_of_bottle.jpg,239,239,garbage,42,1,238,239
bundle_of_bottle.jpg,239,239,garbage,1,29,239,236
chair.jpg,239,239,garbage,1,2,239,238
chair_bundle.jpg,317,317,garbage,3,2,317,312
Chennai-Garbage-Indi-Samarajiva-640x381.jpg,640,381,garbage,1,237,67,378
Chennai-Garbage-Indi-Samarajiva-640x381.jpg,640,381,garbage,161,181,389,381
Chennai-Garbage-Indi-Samarajiva-640x381.jpg,640,381,garbage,137,249,549,342
Chennai-Garbage-Indi-Samarajiva-640x381.jpg,640,381,garbage,404,86,540,245
Chennai-Garbage-Indi-Samarajiva-640x381.jpg,640,381,garbage,267,142,524,331
Chennai-Garbage-Indi-Samarajiva-640x381.jpg,640,381,garbage,344,114,517,331
Chennai-Garbage-Indi-Samarajiva-640x381.jpg,640,381,garbage,467,73,531,149
Chennai-Garbage-Indi-Samarajiva-640x381.jpg,640,381,garbage,296,130,512,311
download (10).jpg,278,182,garbage,1,2,58,158
download (10).jpg,278,182,garbage,4,16,124,158
download (10).jpg,278,182,garbage,29,53,199,161
download (11).jpg,275,183,garbage,1,11,102,182
download (11).jpg,275,183,garbage,4,72,275,181
download (11).jpg,275,183,garbage,138,1,275,182
download (11).jpg,275,183,garbage,86,78,275,182
download (12).jpg,275,183,garbage,26,81,150,183
download (12).jpg,275,183,garbage,154,129,275,182
download (12).jpg,275,183,garbage,117,52,153,183
download (12).jpg,275,183,garbage,42,40,83,183
download (12).jpg,275,183,garbage,1,72,84,116
download (12).jpg,275,183,garbage,157,87,193,129
download (12).jpg,275,183,garbage,244,101,274,183
download (12).jpg,275,183,garbage,190,30,273,65
download (13).jpg,300,168,garbage,1,111,299,168
download (13).jpg,300,168,garbage,187,4,298,168
download (13).jpg,300,168,garbage,150,30,297,168
download (14).jpg,286,176,garbage,3,41,116,176
download (14).jpg,286,176,garbage,4,97,209,167
download (14).jpg,286,176,garbage,32,64,138,176
download (15).jpg,318,159,garbage,10,64,243,159
download (15).jpg,318,159,garbage,67,53,160,159
download (16).jpg,275,183,garbage,10,101,248,183
download (16).jpg,275,183,garbage,114,76,252,183
download (16).jpg,275,183,garbage,65,73,185,88
download (17).jpg,259,194,garbage,2,83,133,174
download (17).jpg,259,194,garbage,85,53,258,156
download (17).jpg,259,194,garbage,145,43,235,150
download (17).jpg,259,194,garbage,32,72,228,143
download (18).jpg,259,194,garbage,2,20,104,132
download (18).jpg,259,194,garbage,84,9,259,98
download (18).jpg,259,194,garbage,145,17,257,194
download (19).jpg,288,175,garbage,163,28,218,175
download (19).jpg,288,175,garbage,81,49,270,175
download (19).jpg,288,175,garbage,3,81,271,175
download (19).jpg,288,175,garbage,57,60,264,175
download (19).jpg,288,175,garbage,130,38,216,175
download (20).jpg,259,194,garbage,102,88,223,107
download (20).jpg,259,194,garbage,82,98,194,114
download (20).jpg,259,194,garbage,7,106,97,138
download (20).jpg,259,194,garbage,73,100,143,125
download (20).jpg,259,194,garbage,32,66,110,81
download (20).jpg,259,194,garbage,27,108,172,118
download (21).jpg,290,174,garbage,83,49,195,147
download (21).jpg,290,174,garbage,60,67,189,148
download (21).jpg,290,174,garbage,35,82,138,137
download (24).jpg,295,171,garbage,60,62,169,171
download (24).jpg,295,171,garbage,95,77,205,171
download (24).jpg,295,171,garbage,114,112,226,171
download (24).jpg,295,171,garbage,7,72,201,171
download (25).jpg,318,159,garbage,1,85,260,159
download (25).jpg,318,159,garbage,160,73,262,159
download (25).jpg,318,159,garbage,285,93,318,158
download (25).jpg,318,159,garbage,253,111,316,159
download (25).jpg,318,159,garbage,293,51,318,156
download (26).jpg,318,159,garbage,163,58,276,103
download (26).jpg,318,159,garbage,183,67,278,159
download (26).jpg,318,159,garbage,196,81,299,159
download (26).jpg,318,159,garbage,216,93,318,156
download (27).jpg,275,183,garbage,1,50,182,183
download (27).jpg,275,183,garbage,13,66,275,180
download (27).jpg,275,183,garbage,95,37,175,183
download (28).jpg,276,183,garbage,36,72,111,92
download (28).jpg,276,183,garbage,76,81,140,125
download (28).jpg,276,183,garbage,111,94,187,138
download (28).jpg,276,183,garbage,136,99,276,152
download (28).jpg,276,183,garbage,104,85,182,148
download (29).jpg,300,168,garbage,31,100,157,142
download (29).jpg,300,168,garbage,88,94,156,146
download (29).jpg,300,168,garbage,168,80,205,118
download (29).jpg,300,168,garbage,129,91,194,123
download (29).jpg,300,168,garbage,40,106,133,159
download (29).jpg,300,168,garbage,173,97,222,120
download (30).jpg,259,194,garbage,1,76,131,172
download (30).jpg,259,194,garbage,44,84,176,138
download (30).jpg,259,194,garbage,70,63,170,142
download (31).jpg,275,184,garbage,118,73,226,184
download (31).jpg,275,184,garbage,134,92,275,182
download (31).jpg,275,184,garbage,78,101,275,182
download (31).jpg,275,184,garbage,56,125,275,155
download (31).jpg,275,184,garbage,168,57,218,184
download (31).jpg,275,184,garbage,144,63,214,184
download (32).jpg,259,194,garbage,77,87,191,162
download (32).jpg,259,194,garbage,40,105,173,157
download (32).jpg,259,194,garbage,60,118,137,194
download (33).jpg,260,194,garbage,60,29,160,194
download (33).jpg,260,194,garbage,10,109,221,194
download (33).jpg,260,194,garbage,26,53,161,162
download (33).jpg,260,194,garbage,72,32,168,82
download (34).jpg,275,183,garbage,1,77,32,98
download (34).jpg,275,183,garbage,81,97,275,111
download (34).jpg,275,183,garbage,132,93,275,122
download (35).jpg,287,175,garbage,1,80,287,174
download (35).jpg,287,175,garbage,78,65,284,175
download (35).jpg,287,175,garbage,145,55,281,175
download (36).jpg,265,190,garbage,26,98,212,137
download (36).jpg,265,190,garbage,62,89,185,133
download (36).jpg,265,190,garbage,105,85,167,136
download (37).jpg,236,214,garbage,142,59,183,214
download (37).jpg,236,214,garbage,127,70,183,214
download (37).jpg,236,214,garbage,151,99,233,191
download (37).jpg,236,214,garbage,72,85,195,214
download (37).jpg,236,214,garbage,51,145,195,208
download (4).jpg,300,168,garbage,137,42,250,168
download (4).jpg,300,168,garbage,143,61,300,164
download (4).jpg,300,168,garbage,102,62,300,165
download (5).jpg,275,183,garbage,1,1,275,172
download (6).jpg,259,194,garbage,34,139,238,194
download (6).jpg,259,194,garbage,177,36,237,194
download (6).jpg,259,194,garbage,72,106,236,194
download (6).jpg,259,194,garbage,153,79,238,194
download (7).jpg,259,194,garbage,32,77,112,116
download (7).jpg,259,194,garbage,52,100,195,151
download (7).jpg,259,194,garbage,145,85,192,165
download (8).jpg,262,192,garbage,186,78,262,172
download (8).jpg,262,192,garbage,77,57,168,146
download (9).jpg,279,180,garbage,138,60,267,180
download (9).jpg,279,180,garbage,6,139,264,180
download (9).jpg,279,180,garbage,96,95,259,180
download.jpg,275,183,garbage,9,130,275,182
download.jpg,275,183,garbage,49,119,274,182
download.jpg,275,183,garbage,94,102,275,180
download.jpg,275,183,garbage,141,95,275,181
download.jpg,275,183,garbage,127,97,275,179
glass.jpeg,651,367,garbage,3,18,651,363
glass.jpeg,651,367,garbage,119,4,651,362
glass2.jpeg,316,177,garbage,79,19,316,174
glass2.jpeg,316,177,garbage,2,80,314,177
glass2.jpeg,316,177,garbage,40,25,255,177
glass2.jpeg,316,177,garbage,60,45,316,176
glass21.jpg,960,604,garbage,21,11,960,601
glass21.jpg,960,604,garbage,28,76,503,392
glass21.jpg,960,604,garbage,226,119,947,603
glass213.jpg,230,230,garbage,3,9,226,230
glass214.jpg,216,216,garbage,3,2,215,215
images (1).jpg,275,183,garbage,4,4,160,183
images (1).jpg,275,183,garbage,17,36,193,183
images (1).jpg,275,183,garbage,80,65,262,153
images (10).jpeg,640,480,garbage,188,176,442,383
images (10).jpeg,640,480,garbage,62,253,397,382
images (10).jpeg,640,480,garbage,494,350,562,411
images (10).jpeg,640,480,garbage,543,424,570,451
images (10).jpeg,640,480,garbage,123,299,444,432
images (11).jpg,177,285,garbage,37,101,177,247
images (11).jpg,177,285,garbage,8,113,175,206
images (11).jpg,177,285,garbage,51,145,177,245
images (12).jpg,275,183,garbage,5,81,275,181
images (13).jpeg,554,554,garbage,25,224,410,383
images (13).jpeg,554,554,garbage,142,327,414,518
images (13).jpeg,554,554,garbage,304,462,552,554
images (14).jpg,275,183,garbage,1,104,162,167
images (14).jpg,275,183,garbage,57,94,151,173
images (14).jpg,275,183,garbage,164,81,199,149
images (14).jpg,275,183,garbage,235,83,257,106
images (14).jpg,275,183,garbage,98,87,149,168
images (15).jpeg,640,480,garbage,282,173,640,460
images (15).jpeg,640,480,garbage,443,68,640,467
images (15).jpeg,640,480,garbage,196,206,640,351
images (16).jpg,290,174,garbage,88,95,171,146
images (16).jpg,290,174,garbage,195,127,233,167
images (16).jpg,290,174,garbage,49,99,174,118
images (17).jpg,275,183,garbage,3,99,273,183
images (17).jpg,275,183,garbage,40,82,274,183
images (17).jpg,275,183,garbage,83,70,274,183
images (18).jpg,275,183,garbage,2,36,275,148
images (18).jpg,275,183,garbage,54,25,275,142
images (19).jpg,259,194,garbage,113,34,259,193
images (19).jpg,259,194,garbage,64,59,258,194
images (19).jpg,259,194,garbage,1,93,257,194
images (19).jpg,259,194,garbage,210,19,259,187
images (2).jpeg,738,415,garbage,26,276,730,415
images (2).jpeg,738,415,garbage,153,193,590,415
images (2).jpeg,738,415,garbage,293,166,430,412
images (20).jpg,286,176,garbage,33,106,81,145
images (20).jpg,286,176,garbage,87,130,162,167
images (20).jpg,286,176,garbage,120,109,146,167
images (200).jpg,264,191,garbage,130,128,165,142
images (200).jpg,264,191,garbage,74,141,103,152
images (200).jpg,264,191,garbage,192,79,229,155
images (201).jpg,259,194,garbage,1,36,103,194
images (201).jpg,259,194,garbage,62,50,155,194
images (201).jpg,259,194,garbage,89,66,196,194
images (202).jpg,275,183,garbage,1,2,275,178
images (204).jpg,275,183,garbage,1,1,274,182
images (205).jpg,299,168,garbage,1,1,93,55
images (205).jpg,299,168,garbage,22,1,92,90
images (205).jpg,299,168,garbage,129,36,218,58
images (205).jpg,299,168,garbage,97,128,273,168
images (206).jpg,275,183,garbage,9,97,164,183
images (206).jpg,275,183,garbage,78,134,247,183
images (207).jpg,284,177,garbage,44,61,253,177
images (207).jpg,284,177,garbage,2,112,277,177
images (207).jpg,284,177,garbage,184,11,246,62
images (208).jpg,275,183,garbage,1,1,197,183
images (208).jpg,275,183,garbage,229,4,275,182
images (208).jpg,275,183,garbage,70,127,273,183
images (209).jpg,275,183,garbage,96,75,275,181
images (209).jpg,275,183,garbage,61,117,275,180
images (209).jpg,275,183,garbage,162,51,275,179
images (21).jpg,249,202,garbage,5,19,249,186
images (22).jpg,180,281,garbage,1,1,180,273
images (23).jpg,259,194,garbage,1,40,259,181
images (23).jpg,259,194,garbage,169,6,258,170
images (23).jpg,259,194,garbage,16,77,259,185
images (24).jpg,284,177,garbage,2,75,284,175
images (25).jpg,325,155,garbage,2,114,308,155
images (25).jpg,325,155,garbage,162,42,237,96
images (25).jpg,325,155,garbage,169,91,243,155
images (25).jpg,325,155,garbage,63,82,121,151
images (25).jpg,325,155,garbage,25,95,121,155
images (26).jpg,279,181,garbage,86,105,272,169
images (26).jpg,279,181,garbage,178,79,208,176
images (26).jpg,279,181,garbage,100,16,165,43
images (26).jpg,279,181,garbage,62,97,91,158
images (27).jpg,275,183,garbage,119,115,147,158
images (27).jpg,275,183,garbage,94,138,132,180
images (27).jpg,275,183,garbage,71,151,134,183
images (28).jpg,275,183,garbage,128,122,269,161
images (28).jpg,275,183,garbage,190,110,265,148
images (28).jpg,275,183,garbage,238,95,275,113
images (28).jpg,275,183,garbage,4,164,80,183
images (28).jpg,275,183,garbage,87,134,191,162
images (29).jpg,276,183,garbage,92,81,211,183
images (29).jpg,276,183,garbage,51,96,240,183
images (29).jpg,276,183,garbage,39,128,271,183
images (29).jpg,276,183,garbage,63,88,213,183
images (3).jpeg,660,403,garbage,163,135,350,403
images (3).jpeg,660,403,garbage,191,196,659,403
images (3).jpeg,660,403,garbage,210,73,314,401
images (30).jpg,286,176,garbage,127,58,286,146
images (30).jpg,286,176,garbage,89,112,286,148
images (31).jpg,259,194,garbage,56,111,240,194
images (31).jpg,259,194,garbage,168,61,242,144
images (31).jpg,259,194,garbage,74,57,99,96
images (31).jpg,259,194,garbage,131,88,153,163
images (32).jpg,259,194,garbage,4,39,259,193
images (33).jpg,300,168,garbage,57,72,175,138
images (33).jpg,300,168,garbage,98,84,225,154
images (33).jpg,300,168,garbage,131,87,245,128
images (33).jpg,300,168,garbage,23,97,195,124
images (33).jpg,300,168,garbage,163,136,260,163
images (34).jpg,300,168,garbage,2,104,300,166
images (34).jpg,300,168,garbage,109,58,220,168
images (34).jpg,300,168,garbage,163,70,300,166
images (35).jpg,284,177,garbage,2,50,116,172
images (35).jpg,284,177,garbage,46,76,256,149
images (36).jpg,291,173,garbage,1,57,220,173
images (36).jpg,291,173,garbage,100,48,291,138
images (37).jpg,276,183,garbage,102,57,233,134
images (37).jpg,276,183,garbage,45,86,237,135
images (38).jpg,278,182,garbage,84,92,278,181
images (38).jpg,278,182,garbage,114,77,201,182
images (39).jpg,288,175,garbage,46,89,239,175
images (39).jpg,288,175,garbage,108,63,240,175
images (39).jpg,288,175,garbage,12,115,236,175
images (39).jpg,288,175,garbage,208,56,247,107
images (4).jpeg,764,401,garbage,2,120,132,401
images (4).jpeg,764,401,garbage,13,204,488,401
images (4).jpeg,764,401,garbage,471,211,764,294
images (40).jpg,263,192,garbage,21,1,260,167
images (41).jpg,305,165,garbage,13,67,305,162
images (41).jpg,305,165,garbage,39,11,144,59
images (42).jpg,276,183,garbage,52,75,107,158
images (42).jpg,276,183,garbage,16,112,104,174
images (42).jpg,276,183,garbage,76,69,131,101
images (42).jpg,276,183,garbage,133,95,176,135
images (42).jpg,276,183,garbage,56,126,174,154
images (44).jpg,290,174,garbage,28,84,287,129
images (44).jpg,290,174,garbage,106,85,290,146
images (44).jpg,290,174,garbage,130,82,290,146
images (45).jpg,275,183,garbage,1,11,149,183
images (45).jpg,275,183,garbage,135,87,274,183
images (45).jpg,275,183,garbage,175,1,275,182
images (45).jpg,275,183,garbage,55,2,275,43
images (46).jpg,266,190,garbage,3,1,266,189
images (47).jpg,275,183,garbage,2,54,84,106
images (47).jpg,275,183,garbage,67,90,225,150
images (47).jpg,275,183,garbage,127,101,275,168
images (48).jpg,276,183,garbage,23,22,97,183
images (48).jpg,276,183,garbage,2,43,143,183
images (48).jpg,276,183,garbage,18,69,204,183
images (48).jpg,276,183,garbage,76,96,231,183
images (48).jpg,276,183,garbage,196,140,276,180
images (49).jpg,275,183,garbage,25,72,275,180
images (49).jpg,275,183,garbage,100,46,163,183
images (49).jpg,275,183,garbage,191,36,275,180
images (49).jpg,275,183,garbage,5,90,199,183
images (5).jpg,300,168,garbage,2,4,90,168
images (5).jpg,300,168,garbage,114,4,300,166
images (5).jpg,300,168,garbage,14,134,296,168
images (50).jpg,275,183,garbage,37,58,197,146
images (50).jpg,275,183,garbage,87,64,222,169
images (50).jpg,275,183,garbage,140,87,256,183
images (51).jpg,277,182,garbage,50,58,120,83
images (51).jpg,277,182,garbage,127,64,212,95
images (51).jpg,277,182,garbage,187,75,217,145
images (51).jpg,277,182,garbage,233,106,275,152
images (52).jpg,343,147,garbage,2,51,337,147
images (53).jpg,275,183,garbage,9,1,275,181
images (54).jpg,275,183,garbage,72,127,275,182
images (54).jpg,275,183,garbage,203,81,275,181
images (54).jpg,275,183,garbage,14,77,99,96
images (54).jpg,275,183,garbage,177,79,275,103
images (55).jpg,279,180,garbage,2,4,115,168
images (55).jpg,279,180,garbage,40,2,188,56
images (55).jpg,279,180,garbage,72,38,139,89
images (56).jpg,259,194,garbage,10,90,259,193
images (56).jpg,259,194,garbage,2,83,252,194
images (57).jpg,247,204,garbage,46,95,213,195
images (57).jpg,247,204,garbage,159,52,243,127
images (58).jpg,299,169,garbage,2,14,69,169
images (58).jpg,299,169,garbage,25,40,170,169
images (58).jpg,299,169,garbage,88,62,299,168
images (59).jpg,300,168,garbage,26,61,237,168
images (59).jpg,300,168,garbage,75,27,135,168
images (59).jpg,300,168,garbage,96,44,169,168
images (59).jpg,300,168,garbage,2,78,230,168
images (6).jpeg,299,168,garbage,55,80,282,168
images (6).jpeg,299,168,garbage,114,65,175,168
images (6).jpeg,299,168,garbage,13,110,255,168
images (60).jpg,240,160,garbage,10,62,156,160
images (60).jpg,240,160,garbage,40,89,234,160
images (60).jpg,240,160,garbage,70,47,150,160
images (61).jpg,274,184,garbage,57,99,274,183
images (61).jpg,274,184,garbage,169,88,271,184
images (62).jpg,279,180,garbage,3,2,278,180
images (63).jpg,278,181,garbage,48,86,134,117
images (63).jpg,278,181,garbage,123,53,184,83
images (63).jpg,278,181,garbage,57,158,278,179
images (63).jpg,278,181,garbage,187,102,237,181
images (63).jpg,278,181,garbage,183,46,221,61
images (63).jpg,278,181,garbage,254,76,278,150
images (64).jpg,224,224,garbage,1,1,224,222
images (65).jpg,324,155,garbage,2,53,324,154
images (66).jpg,278,181,garbage,163,24,259,59
images (66).jpg,278,181,garbage,111,134,277,181
images (67).jpg,259,194,garbage,5,54,206,136
images (67).jpg,259,194,garbage,127,58,259,113
images (68).jpg,300,168,garbage,2,108,300,167
images (68).jpg,300,168,garbage,63,97,148,168
images (68).jpg,300,168,garbage,202,96,293,168
images (69).jpg,259,194,garbage,13,57,259,192
images (69).jpg,259,194,garbage,2,54,170,154
images (7).jpeg,322,157,garbage,5,98,317,157
images (7).jpeg,322,157,garbage,66,75,318,157
images (7).jpeg,322,157,garbage,161,57,318,157
images (7).jpeg,322,157,garbage,234,46,316,157
images (70).jpg,276,183,garbage,15,18,276,179
images (71).jpg,300,168,garbage,6,29,300,166
images (71).jpg,300,168,garbage,69,8,299,168
images (72).jpg,262,192,garbage,29,46,242,175
images (73).jpg,254,198,garbage,69,48,254,197
images (73).jpg,254,198,garbage,32,163,252,198
images (74).jpg,275,183,garbage,3,3,272,183
images (75).jpg,300,168,garbage,1,71,300,166
images (75).jpg,300,168,garbage,248,52,300,165
images (76).jpg,286,176,garbage,199,55,286,174
images (76).jpg,286,176,garbage,1,109,286,175
images (76).jpg,286,176,garbage,35,94,242,176
images (76).jpg,286,176,garbage,92,78,286,175
images (76).jpg,286,176,garbage,136,69,286,175
images (76).jpg,286,176,garbage,178,62,286,173
images (77).jpg,275,183,garbage,1,44,275,182
images (78).jpg,275,183,garbage,2,82,275,182
images (79).jpg,264,191,garbage,9,91,263,177
images (8).jpeg,640,480,garbage,105,338,516,480
images (8).jpeg,640,480,garbage,193,268,635,468
images (8).jpeg,640,480,garbage,4,260,313,310
images (80).jpg,259,194,garbage,2,72,168,194
images (80).jpg,259,194,garbage,85,84,209,194
images (80).jpg,259,194,garbage,137,110,259,192
images (80).jpg,259,194,garbage,69,59,165,194
images (81).jpg,275,183,garbage,3,105,275,182
images (82).jpg,259,194,garbage,58,51,108,99
images (82).jpg,259,194,garbage,2,117,144,191
images (82).jpg,259,194,garbage,49,100,216,194
images (82).jpg,259,194,garbage,111,80,173,135
images (82).jpg,259,194,garbage,155,45,203,79
images (83).jpg,275,183,garbage,4,31,275,182
images (84).jpg,287,176,garbage,31,36,170,176
images (84).jpg,287,176,garbage,135,50,274,176
images (84).jpg,287,176,garbage,197,69,287,175
images (84).jpg,287,176,garbage,17,42,156,168
images (85).jpg,259,194,garbage,1,1,259,191
images (86).jpg,259,194,garbage,53,48,94,67
images (86).jpg,259,194,garbage,87,55,148,79
images (86).jpg,259,194,garbage,117,143,212,194
images (86).jpg,259,194,garbage,27,125,80,181
images (87).jpg,301,167,garbage,3,79,186,167
images (87).jpg,301,167,garbage,115,139,301,166
images (87).jpg,301,167,garbage,268,105,300,167
images (88).jpg,275,183,garbage,1,136,273,180
images (88).jpg,275,183,garbage,57,106,275,181
images (88).jpg,275,183,garbage,2,75,39,183
images (88).jpg,275,183,garbage,229,79,274,183
images (89).jpg,299,168,garbage,1,55,265,168
images (9).jpg,300,168,garbage,4,77,298,168
images (9).jpg,300,168,garbage,94,71,300,167
images (9).jpg,300,168,garbage,147,65,300,166
images (90).jpg,262,192,garbage,4,97,262,173
images (90).jpg,262,192,garbage,84,76,262,173
images (90).jpg,262,192,garbage,184,67,262,172
images (91).jpg,276,183,garbage,5,76,275,183
images (91).jpg,276,183,garbage,126,35,231,183
images (91).jpg,276,183,garbage,76,55,218,183
images (92).jpg,259,194,garbage,4,1,259,193
images - 2020-04-07T021834.355.jpg,297,169,garbage,12,111,164,169
images - 2020-04-07T021834.355.jpg,297,169,garbage,97,74,160,169
images - 2020-04-07T021834.355.jpg,297,169,garbage,162,127,219,169
images - 2020-04-07T021850.657.jpg,270,187,garbage,43,97,199,187
images - 2020-04-07T021850.657.jpg,270,187,garbage,77,124,267,187
images - 2020-04-07T021850.657.jpg,270,187,garbage,127,73,175,187
images - 2020-04-07T021855.051.jpg,291,173,garbage,1,2,290,173
images - 2020-04-07T021859.913.jpg,275,183,garbage,73,52,273,183
images - 2020-04-07T021859.913.jpg,275,183,garbage,162,40,274,183
images - 2020-04-07T021859.913.jpg,275,183,garbage,5,130,272,183
images - 2020-04-07T021911.845.jpg,259,194,garbage,80,70,259,192
images - 2020-04-07T021911.845.jpg,259,194,garbage,111,62,222,194
images - 2020-04-07T021919.365.jpg,278,181,garbage,2,121,192,181
images - 2020-04-07T021919.365.jpg,278,181,garbage,89,98,189,181
images - 2020-04-07T021919.365.jpg,278,181,garbage,114,80,188,181
images - 2020-04-07T021919.365.jpg,278,181,garbage,131,69,183,181
images - 2020-04-07T021924.527.jpg,259,194,garbage,66,76,147,194
images - 2020-04-07T021924.527.jpg,259,194,garbage,40,120,189,194
images - 2020-04-07T021924.527.jpg,259,194,garbage,96,102,202,161
images - 2020-04-07T021932.414.jpg,275,183,garbage,74,42,178,165
images - 2020-04-07T021932.414.jpg,275,183,garbage,129,75,275,181
images - 2020-04-07T021932.414.jpg,275,183,garbage,2,40,145,84
images - 2020-04-07T021932.414.jpg,275,183,garbage,1,129,249,183
images - 2020-04-07T021936.270.jpg,277,182,garbage,2,2,112,182
images - 2020-04-07T021936.270.jpg,277,182,garbage,158,2,277,179
images - 2020-04-07T021936.270.jpg,277,182,garbage,42,2,248,57
images - 2020-04-07T021936.270.jpg,277,182,garbage,14,133,259,182
images - 2020-04-07T021959.959.jpg,311,162,garbage,1,65,311,161
images - 2020-04-07T021959.959.jpg,311,162,garbage,117,39,263,162
images - 2020-04-07T022011.884.jpg,275,183,garbage,151,67,225,183
images - 2020-04-07T022011.884.jpg,275,183,garbage,2,136,275,180
images - 2020-04-07T022011.884.jpg,275,183,garbage,2,122,52,183
images - 2020-04-07T022036.080.jpg,297,170,garbage,4,47,180,170
images - 2020-04-07T022036.080.jpg,297,170,garbage,58,73,232,170
images - 2020-04-07T022040.068.jpg,300,168,garbage,105,71,300,166
images - 2020-04-07T022040.068.jpg,300,168,garbage,85,63,128,104
images - 2020-04-07T022054.863.jpg,275,183,garbage,42,121,181,183
images - 2020-04-07T022054.863.jpg,275,183,garbage,105,144,275,182
images - 2020-04-07T022054.863.jpg,275,183,garbage,1,144,217,183
images - 2020-04-07T022104.326.jpg,299,168,garbage,103,66,269,168
images - 2020-04-07T022104.326.jpg,299,168,garbage,2,77,266,168
images - 2020-04-07T022114.826.jpg,297,170,garbage,1,101,141,170
images - 2020-04-07T022114.826.jpg,297,170,garbage,11,120,213,170
images - 2020-04-07T022114.826.jpg,297,170,garbage,82,141,281,169
images - 2020-04-07T022119.379.jpg,216,216,garbage,80,87,173,166
images - 2020-04-07T022119.379.jpg,216,216,garbage,52,119,164,167
images - 2020-04-07T022142.528.jpg,299,168,garbage,1,17,98,164
images - 2020-04-07T022142.528.jpg,299,168,garbage,1,69,299,167
images - 2020-04-07T022142.528.jpg,299,168,garbage,235,38,297,168
images - 2020-04-07T022341.016.jpg,300,168,garbage,53,30,250,120
images - 2020-04-07T022341.016.jpg,300,168,garbage,141,9,202,128
images - 2020-04-07T022341.016.jpg,300,168,garbage,57,144,124,168
images - 2020-04-07T022341.016.jpg,300,168,garbage,3,72,194,111
images - 2020-04-07T022341.016.jpg,300,168,garbage,219,65,287,98
images - 2020-04-07T022345.169.jpg,275,183,garbage,118,86,240,181
images - 2020-04-07T022345.169.jpg,275,183,garbage,71,117,240,167
images - 2020-04-07T022345.169.jpg,275,183,garbage,98,104,248,183
images - 2020-04-07T022349.150.jpg,259,194,garbage,73,41,162,194
images - 2020-04-07T022349.150.jpg,259,194,garbage,80,58,230,194
images - 2020-04-07T022349.150.jpg,259,194,garbage,128,72,259,192
images - 2020-04-07T022349.150.jpg,259,194,garbage,1,130,228,194
images - 2020-04-07T022352.917.jpg,300,168,garbage,101,61,255,168
images - 2020-04-07T022352.917.jpg,300,168,garbage,34,87,252,168
images - 2020-04-07T022352.917.jpg,300,168,garbage,5,113,247,168
images - 2020-04-07T022352.917.jpg,300,168,garbage,218,52,293,100
images - 2020-04-07T022358.187.jpg,286,176,garbage,95,27,286,175
images - 2020-04-07T022358.187.jpg,286,176,garbage,78,45,240,176
images - 2020-04-07T022402.607.jpg,275,183,garbage,45,90,171,166
images - 2020-04-07T022402.607.jpg,275,183,garbage,76,111,221,171
images - 2020-04-07T022402.607.jpg,275,183,garbage,5,130,89,173
images - 2020-04-07T022407.338.jpg,311,162,garbage,1,25,196,162
images - 2020-04-07T022411.675.jpg,275,183,garbage,1,95,95,174
images - 2020-04-07T022411.675.jpg,275,183,garbage,68,109,142,169
images - 2020-04-07T022411.675.jpg,275,183,garbage,189,79,233,142
images - 2020-04-07T022415.230.jpg,262,192,garbage,14,88,232,160
images - 2020-04-07T022419.622.jpg,275,183,garbage,26,97,193,156
images - 2020-04-07T022419.622.jpg,275,183,garbage,76,79,195,145
images - 2020-04-07T022430.549.jpg,299,168,garbage,1,2,94,56
images - 2020-04-07T022430.549.jpg,299,168,garbage,23,2,93,100
images - 2020-04-07T022430.549.jpg,299,168,garbage,125,37,215,65
images - 2020-04-07T022430.549.jpg,299,168,garbage,98,123,262,168
images - 2020-04-07T022434.706.jpg,276,183,garbage,16,63,120,90
images - 2020-04-07T022434.706.jpg,276,183,garbage,11,112,176,166
images - 2020-04-07T022434.706.jpg,276,183,garbage,108,93,231,148
images - 2020-04-07T022434.706.jpg,276,183,garbage,161,78,276,135
images - 2020-04-07T022441.526.jpg,275,183,garbage,2,82,133,183
images - 2020-04-07T022441.526.jpg,275,183,garbage,82,116,205,183
images - 2020-04-07T022447.469.jpg,288,175,garbage,2,58,118,175
images - 2020-04-07T022447.469.jpg,288,175,garbage,94,119,209,175
images - 2020-04-07T022447.469.jpg,288,175,garbage,184,81,224,103
images - 2020-04-07T022451.579.jpg,259,194,garbage,19,65,259,144
images - 2020-04-07T022451.579.jpg,259,194,garbage,112,42,214,137
images - 2020-04-07T022455.559.jpg,300,168,garbage,100,56,200,111
images - 2020-04-07T022501.679.jpg,275,183,garbage,2,102,153,183
images - 2020-04-07T022501.679.jpg,275,183,garbage,68,88,149,162
images - 2020-04-07T022501.679.jpg,275,183,garbage,163,83,198,152
images - 2020-04-07T022501.679.jpg,275,183,garbage,237,84,259,113
images - 2020-04-07T022505.582.jpg,318,159,garbage,48,78,157,159
images - 2020-04-07T022505.582.jpg,318,159,garbage,77,96,270,159
images - 2020-04-07T022505.582.jpg,318,159,garbage,1,120,318,157
images - 2020-04-07T022510.422.jpg,170,255,garbage,52,124,163,209
images - 2020-04-07T022514.419.jpg,272,185,garbage,93,42,272,183
images - 2020-04-07T022519.586.jpg,318,159,garbage,11,62,246,159
images - 2020-04-07T022519.586.jpg,318,159,garbage,65,49,120,159
images - 2020-04-07T022523.443.jpg,300,168,garbage,115,39,300,167
images - 2020-04-07T022528.609.jpg,275,183,garbage,37,74,141,110
images - 2020-04-07T022528.609.jpg,275,183,garbage,114,86,202,126
images - 2020-04-07T022528.609.jpg,275,183,garbage,168,92,275,144
images - 2020-04-07T022532.312.jpg,299,168,garbage,34,39,240,80
images - 2020-04-07T022532.312.jpg,299,168,garbage,3,85,63,132
images - 2020-04-07T022532.312.jpg,299,168,garbage,87,82,222,136
images - 2020-04-07T022532.312.jpg,299,168,garbage,153,19,214,39
images - 2020-04-07T022536.069.jpg,259,194,garbage,58,86,259,183
images - 2020-04-07T022536.069.jpg,259,194,garbage,140,34,253,73
images - 2020-04-07T022536.069.jpg,259,194,garbage,102,50,228,67
images - 2020-04-07T022540.432.jpg,275,183,garbage,1,77,198,183
images - 2020-04-07T022545.096.jpg,301,167,garbage,1,53,175,167
images - 2020-04-07T022545.096.jpg,301,167,garbage,114,73,228,159
images - 2020-04-07T022545.096.jpg,301,167,garbage,153,89,301,150
images - 2020-04-07T022549.016.jpg,284,177,garbage,27,93,89,159
images - 2020-04-07T022555.977.jpg,300,168,garbage,2,52,105,168
images - 2020-04-07T022555.977.jpg,300,168,garbage,100,26,186,68
images - 2020-04-07T022559.904.jpg,300,168,garbage,11,98,199,168
images - 2020-04-07T022559.904.jpg,300,168,garbage,77,78,182,168
images - 2020-04-07T022559.904.jpg,300,168,garbage,108,65,164,168
images - 2020-04-07T022559.904.jpg,300,168,garbage,132,53,163,168
images - 2020-04-07T022604.178.jpg,275,183,garbage,25,100,177,157
images - 2020-04-07T022604.178.jpg,275,183,garbage,111,71,231,125
images - 2020-04-07T022610.579.jpg,259,195,garbage,107,50,259,191
images - 2020-04-07T022621.364.jpg,174,290,garbage,9,189,174,284
images - 2020-04-07T022626.951.jpg,194,259,garbage,1,131,171,214
images - 2020-04-07T022626.951.jpg,194,259,garbage,71,104,177,195
images - 2020-04-07T022632.170.jpg,280,180,garbage,149,81,228,151
images - 2020-04-07T022632.170.jpg,280,180,garbage,198,103,274,177
images - 2020-04-07T022632.170.jpg,280,180,garbage,90,101,249,144
images - 2020-04-07T022637.589.jpg,300,168,garbage,88,89,251,149
images - 2020-04-07T022637.589.jpg,300,168,garbage,78,75,165,130
images - 2020-04-07T022637.589.jpg,300,168,garbage,95,110,174,168
images - 2020-04-07T022641.476.jpg,270,187,garbage,44,98,202,187
images - 2020-04-07T022641.476.jpg,270,187,garbage,74,117,236,187
images - 2020-04-07T022641.476.jpg,270,187,garbage,118,138,256,187
images - 2020-04-07T022648.068.jpg,272,185,garbage,1,83,145,185
images - 2020-04-07T022648.068.jpg,272,185,garbage,68,70,149,185
images - 2020-04-07T022648.068.jpg,272,185,garbage,207,58,272,101
images - 2020-04-07T022651.877.jpg,281,180,garbage,106,77,281,178
images - 2020-04-07T022651.877.jpg,281,180,garbage,73,120,276,180
images - 2020-04-07T022701.199.jpg,275,183,garbage,98,101,264,169
images - 2020-04-07T022701.199.jpg,275,183,garbage,17,76,142,176
images - 2020-04-07T022709.965.jpg,275,183,garbage,6,83,200,183
images - 2020-04-07T022720.923.jpg,284,177,garbage,86,62,243,177
images - 2020-04-07T022720.923.jpg,284,177,garbage,29,113,235,177
images - 2020-04-07T022720.923.jpg,284,177,garbage,180,37,225,127
images - 2020-04-07T022730.269.jpg,260,194,garbage,40,97,260,145
images - 2020-04-07T022730.269.jpg,260,194,garbage,94,82,260,137
images - 2020-04-07T022730.269.jpg,260,194,garbage,8,114,172,134
images - 2020-04-07T022730.269.jpg,260,194,garbage,26,73,69,89
images - 2020-04-07T022734.502.jpg,177,284,garbage,5,122,111,282
images - 2020-04-07T022734.502.jpg,177,284,garbage,37,105,113,191
images - 2020-04-07T022741.035.jpg,288,175,garbage,2,79,158,175
images - 2020-04-07T022741.035.jpg,288,175,garbage,88,62,246,133
images - 2020-04-07T022741.035.jpg,288,175,garbage,185,52,271,97
images - 2020-04-07T022747.131.jpg,287,176,garbage,2,111,187,176
images - 2020-04-07T022747.131.jpg,287,176,garbage,72,80,224,155
images - 2020-04-07T022747.131.jpg,287,176,garbage,151,66,208,136
images - 2020-04-07T022747.131.jpg,287,176,garbage,190,56,256,83
images - 2020-04-07T022754.122.jpg,299,168,garbage,4,114,299,166
images - 2020-04-07T022754.122.jpg,299,168,garbage,197,98,299,167
images - 2020-04-07T022754.122.jpg,299,168,garbage,64,96,144,167
images - 2020-04-07T022802.940.jpg,299,168,garbage,58,94,191,136
images - 2020-04-07T022802.940.jpg,299,168,garbage,42,112,120,146
images - 2020-04-07T022810.527.jpg,262,192,garbage,4,66,191,174
images - 2020-04-07T022810.527.jpg,262,192,garbage,41,89,251,172
images - 2020-04-07T022818.047.jpg,290,174,garbage,30,69,241,136
images - 2020-04-07T022818.047.jpg,290,174,garbage,141,54,227,120
images - 2020-04-07T022823.597.jpg,259,194,garbage,1,69,49,131
images - 2020-04-07T022823.597.jpg,259,194,garbage,86,105,259,192
images - 2020-04-07T022823.597.jpg,259,194,garbage,165,68,259,164
images - 2020-04-07T022823.597.jpg,259,194,garbage,226,60,259,135
images - 2020-04-07T022827.164.jpg,300,168,garbage,102,66,154,168
images - 2020-04-07T022827.164.jpg,300,168,garbage,110,81,191,168
images - 2020-04-07T022827.164.jpg,300,168,garbage,55,89,207,168
images - 2020-04-07T022827.164.jpg,300,168,garbage,4,134,210,168
images - 2020-04-07T022834.652.jpg,275,183,garbage,25,79,183,183
images - 2020-04-07T022834.652.jpg,275,183,garbage,1,101,187,183
images - 2020-04-07T022844.414.jpg,313,161,garbage,178,67,251,124
images - 2020-04-07T022844.414.jpg,313,161,garbage,209,93,312,161
images - 2020-04-07T022851.067.jpg,275,183,garbage,136,92,258,183
images - 2020-04-07T022851.067.jpg,275,183,garbage,114,123,261,174
images - 2020-04-07T022905.052.jpg,300,168,garbage,121,57,227,117
images - 2020-04-07T022905.052.jpg,300,168,garbage,147,73,293,127
images - 2020-04-07T022909.774.jpg,300,168,garbage,47,80,293,168
images - 2020-04-07T022917.931.jpg,337,150,garbage,119,24,216,145
images - 2020-04-07T022917.931.jpg,337,150,garbage,46,83,213,150
images - 2020-04-07T022917.931.jpg,337,150,garbage,75,49,223,150
images - 2020-04-07T022923.876.jpg,259,194,garbage,55,123,259,193
images - 2020-04-07T022923.876.jpg,259,194,garbage,101,96,217,194
images - 2020-04-07T022923.876.jpg,259,194,garbage,135,82,202,194
images - 2020-04-07T022923.876.jpg,259,194,garbage,29,143,252,194
images - 2020-04-07T022941.359.jpg,275,183,garbage,94,1,275,183
images - 2020-04-07T022941.359.jpg,275,183,garbage,4,6,46,67
images - 2020-04-07T022941.359.jpg,275,183,garbage,75,62,247,135
images - 2020-04-07T022946.516.jpg,346,146,garbage,129,37,217,146
images - 2020-04-07T022946.516.jpg,346,146,garbage,160,52,275,146
images - 2020-04-07T022946.516.jpg,346,146,garbage,193,96,312,146
images - 2020-04-07T022954.545.jpg,318,159,garbage,46,97,318,157
images - 2020-04-07T022954.545.jpg,318,159,garbage,189,45,318,156
images - 2020-04-07T022954.545.jpg,318,159,garbage,41,72,146,159
images - 2020-04-07T023000.112.jpg,281,179,garbage,1,109,269,179
images - 2020-04-07T023000.112.jpg,281,179,garbage,48,97,212,179
images - 2020-04-07T023005.648.jpg,343,147,garbage,50,35,215,136
images - 2020-04-07T023005.648.jpg,343,147,garbage,100,62,343,136
images - 2020-04-07T023011.787.jpg,252,200,garbage,122,64,221,180
images - 2020-04-07T023011.787.jpg,252,200,garbage,169,65,252,112
images - 2020-04-07T023011.787.jpg,252,200,garbage,62,101,221,186
images - 2020-04-07T023011.787.jpg,252,200,garbage,4,128,220,200
images - 2020-04-07T023016.699.jpg,299,169,garbage,106,73,188,169
images - 2020-04-07T023016.699.jpg,299,169,garbage,142,99,280,169
images - 2020-04-07T023016.699.jpg,299,169,garbage,80,115,237,169
images - 2020-04-07T023021.044.jpg,297,170,garbage,5,84,294,170
images - 2020-04-07T023021.044.jpg,297,170,garbage,65,70,290,170
images - 2020-04-07T023021.044.jpg,297,170,garbage,146,54,297,161
images - 2020-04-07T023028.553.jpg,276,183,garbage,93,103,190,159
images - 2020-04-07T023028.553.jpg,276,183,garbage,159,120,276,163
images - 2020-04-07T023058.867.jpg,275,183,garbage,32,102,165,183
images - 2020-04-07T023058.867.jpg,275,183,garbage,77,88,156,148
images - 2020-04-07T023103.757.jpg,254,198,garbage,1,65,135,198
images - 2020-04-07T023112.633.jpg,284,177,garbage,53,36,166,177
images - 2020-04-07T023112.633.jpg,284,177,garbage,81,76,244,177
images - 2020-04-07T023112.633.jpg,284,177,garbage,7,109,221,177
images - 2020-04-07T023122.499.jpg,300,168,garbage,67,69,220,98
images - 2020-04-07T023122.499.jpg,300,168,garbage,130,58,218,116
images - 2020-04-07T023122.499.jpg,300,168,garbage,170,78,256,113
images - 2020-04-07T023126.770.jpg,259,194,garbage,65,44,178,116
images - 2020-04-07T023126.770.jpg,259,194,garbage,90,93,255,194
images - 2020-04-07T023138.269.jpg,300,168,garbage,20,95,275,168
images - 2020-04-07T023138.269.jpg,300,168,garbage,59,76,226,168
images - 2020-04-07T023138.269.jpg,300,168,garbage,120,60,226,166
images - 2020-04-07T023143.996.jpg,353,143,garbage,4,70,96,101
images - 2020-04-07T023143.996.jpg,353,143,garbage,118,92,145,109
images - 2020-04-07T023143.996.jpg,353,143,garbage,176,91,352,131
images - 2020-04-07T023152.206.jpg,300,168,garbage,72,84,209,162
images - 2020-04-07T023152.206.jpg,300,168,garbage,119,67,178,161
images - 2020-04-07T023157.303.jpg,300,168,garbage,2,54,93,168
images - 2020-04-07T023157.303.jpg,300,168,garbage,83,107,148,168
images - 2020-04-07T023157.303.jpg,300,168,garbage,153,117,300,166
images - 2020-04-07T023157.303.jpg,300,168,garbage,198,84,288,168
images - 2020-04-07T023201.419.jpg,275,183,garbage,7,103,207,183
images - 2020-04-07T023201.419.jpg,275,183,garbage,80,83,176,183
images - 2020-04-07T023201.419.jpg,275,183,garbage,114,125,255,183
images - 2020-04-07T023217.155.jpg,330,153,garbage,2,47,281,153
images - 2020-04-07T023217.155.jpg,330,153,garbage,132,32,240,153
images - 2020-04-07T023221.857.jpg,259,194,garbage,61,115,226,194
images - 2020-04-07T023221.857.jpg,259,194,garbage,19,146,248,194
images - 2020-04-07T023221.857.jpg,259,194,garbage,98,92,191,194
images - 2020-04-07T023231.007.jpg,271,186,garbage,85,106,209,136
images - 2020-04-07T023231.007.jpg,271,186,garbage,117,110,255,158
images - 2020-04-07T023241.900.jpg,247,204,garbage,99,89,238,188
images - 2020-04-07T023241.900.jpg,247,204,garbage,56,104,156,157
images - 2020-04-07T023248.873.jpg,323,156,garbage,57,97,110,126
images - 2020-04-07T023248.873.jpg,323,156,garbage,102,105,215,133
images - 2020-04-07T023248.873.jpg,323,156,garbage,254,100,300,128
images - 2020-04-07T023309.625.jpg,273,184,garbage,13,54,142,178
images - 2020-04-07T023309.625.jpg,273,184,garbage,82,23,192,75
images - 2020-04-07T023323.411.jpg,275,183,garbage,39,43,210,153
images - 2020-04-07T023323.411.jpg,275,183,garbage,4,67,235,158
images - 2020-04-07T023328.330.jpg,286,176,garbage,8,45,117,173
images - 2020-04-07T023328.330.jpg,286,176,garbage,58,94,169,175
images - 2020-04-07T023328.330.jpg,286,176,garbage,101,110,217,167
images - 2020-04-07T023338.950.jpg,259,194,garbage,1,115,258,194
images - 2020-04-07T023338.950.jpg,259,194,garbage,158,93,257,194
images - 2020-04-07T023344.450.jpg,313,161,garbage,2,97,253,146
images - 2020-04-07T023344.450.jpg,313,161,garbage,76,80,262,151
images - 2020-04-07T023344.450.jpg,313,161,garbage,149,71,260,159
images - 2020-04-07T023350.105.jpg,300,168,garbage,16,100,198,168
images - 2020-04-07T023350.105.jpg,300,168,garbage,109,50,194,142
images - 2020-04-07T023350.105.jpg,300,168,garbage,74,77,197,148
images - 2020-04-07T023407.239.jpg,294,171,garbage,187,26,294,171
images - 2020-04-07T023407.239.jpg,294,171,garbage,117,76,291,171
images - 2020-04-07T023411.871.jpg,300,168,garbage,29,107,262,168
images - 2020-04-07T023411.871.jpg,300,168,garbage,129,92,212,165
images - 2020-04-07T023411.871.jpg,300,168,garbage,69,9,160,43
images - 2020-04-07T023411.871.jpg,300,168,garbage,208,15,293,38
images - 2020-04-07T023421.343.jpg,300,168,garbage,106,82,259,140
images - 2020-04-07T023421.343.jpg,300,168,garbage,89,153,104,162
images - 2020-04-07T023421.343.jpg,300,168,garbage,270,137,300,159
images - 2020-04-07T023434.082.jpg,259,194,garbage,145,92,259,162
images - 2020-04-07T023438.647.jpg,275,183,garbage,37,79,178,159
images - 2020-04-07T023448.016.jpg,276,183,garbage,10,72,201,183
images - 2020-04-07T023448.016.jpg,276,183,garbage,57,136,276,182
images - 2020-04-07T023452.889.jpg,300,168,garbage,1,89,274,138
images - 2020-04-07T023452.889.jpg,300,168,garbage,136,72,250,136
images - 2020-04-07T023512.052.jpg,288,175,garbage,1,89,127,152
images - 2020-04-07T023512.052.jpg,288,175,garbage,72,75,183,132
images - 2020-04-07T023512.052.jpg,288,175,garbage,140,63,219,107
images - 2020-04-07T023512.052.jpg,288,175,garbage,176,50,222,91
images - 2020-04-07T023512.052.jpg,288,175,garbage,220,41,239,63
images - 2020-04-07T023520.073.jpg,259,194,garbage,2,80,258,194
